"df","fd ","ff"
"0","1","2"
"0","1","2"
"0","1","2"
"0","1","2"
"0","1","2"
"0","1","2"
"0","1","2"
"0","1","2"
"0","1","2"
"0","1","2"
"0","1","2"
"0","1","2"
"0","1","2"
"0","1","2"
"0","1","2"
"0","1","test"
"0","1","test"
"0","1","test"
"0","1","test"
"0","1","test"
"0","1","test"
"0","1","test"
"0","1","test"
"0","1","test"
"0","1","test"
"0","1","test"
"0","1","test"
"0","1","test"
"0","1","test"
"0","1","test"
"0","1","test"
"0","1","test"
"0","1","test"
"0","1","test"
"0","1","test"
"0","1","test"
"0","1","test"
"0","1","test"
"0","1","test"
"0","1","test"
"0","1","test"
"0","1","test"
"0","1","test"
